order_id,line_id,order_date,customer_id,product_id,quantity,unit_price
O1001,1,2026-09-10,C001,P001,2,12.50
O1001,2,2026-09-10,C001,P004,1,35.00
O1002,1,2026-09-10,C002,P002,3,8.75
O1003,1,2026-09-11,C003,P003,1,22.00
O1003,2,2026-09-11,C003,P003,2,22.00
O1003,3,2026-09-11,C003,P005,1,15.50
O1004,1,2026-09-11,C001,P002,4,8.75
O1005,1,2026-09-12,C004,P006,2,44.90
O1005,2,2026-09-12,C004,P001,1,12.50
O1006,1,2026-09-12,C005,P004,2,35.00
O1007,1,2026-09-13,C002,P005,3,15.50
O1007,2,2026-09-13,C002,P007,1,59.99
O1008,1,2026-09-13,C006,P001,5,12.50
O1009,1,2026-09-14,C003,P006,1,44.90
O1009,2,2026-09-14,C003,P002,2,8.75
O1010,1,2026-09-14,C007,P008,1,79.00
O1011,1,2026-09-15,C001,P003,2,22.00
O1011,2,2026-09-15,C001,P007,1,59.99
O1012,1,2026-09-15,C005,P005,2,15.50
O1012,2,2026-09-15,C005,P001,3,12.50