order_id,order_date,customer_id,store_id,product_id,quantity,unit_price,discount_amount
O1001,2026-08-01,C001,S01,P001,2,10.0,0.0
O1001,2026-08-01,C001,S01,P004,1,25.0,5.0
O1002,2026-08-01,C002,S02,P002,1,65.0,0.0
O1002,2026-08-01,C002,S02,P005,3,8.0,0.0
O1003,2026-08-01,C003,S02,P003,1,35.0,0.0
O1004,2026-08-02,C004,S03,P007,2,45.0,10.0
O1004,2026-08-02,C004,S03,P008,1,22.0,0.0
O1005,2026-08-02,C005,S01,P010,1,58.0,0.0
O1005,2026-08-02,C005,S01,P006,2,15.0,3.0
O1006,2026-08-02,C006,S02,P001,3,10.0,0.0
O1007,2026-08-03,C007,S03,P004,2,25.0,0.0
O1007,2026-08-03,C007,S03,P009,1,28.0,4.0
O1008,2026-08-03,C008,S01,P002,1,65.0,5.0
O1008,2026-08-03,C008,S01,P005,2,8.0,0.0
O1009,2026-08-03,C009,S02,P003,2,35.0,5.0
O1010,2026-08-04,C010,S01,P007,1,45.0,0.0
O1010,2026-08-04,C010,S01,P008,2,22.0,2.0
O1011,2026-08-04,C011,S02,P010,2,58.0,8.0
O1012,2026-08-04,C012,S03,P001,1,10.0,0.0
O1012,2026-08-04,C012,S03,P006,1,15.0,0.0
O1013,2026-08-05,C001,S01,P004,1,25.0,0.0
O1013,2026-08-05,C001,S01,P005,4,8.0,2.0
O1014,2026-08-05,C003,S02,P002,1,65.0,0.0
O1014,2026-08-05,C003,S02,P009,2,28.0,6.0
O1015,2026-08-05,C004,S03,P003,1,35.0,0.0
O1016,2026-08-06,C006,S02,P007,1,45.0,5.0
O1016,2026-08-06,C006,S02,P008,1,22.0,0.0
O1017,2026-08-06,C008,S01,P010,1,58.0,0.0
O1018,2026-08-06,C009,S03,P001,2,10.0,0.0
O1018,2026-08-06,C009,S03,P004,1,25.0,0.0
O1019,2026-08-07,C002,S02,P005,5,8.0,4.0
O1020,2026-08-07,C005,S01,P002,1,65.0,10.0
O1020,2026-08-07,C005,S01,P006,1,15.0,0.0
O1021,2026-08-07,C007,S03,P009,3,28.0,8.0
O1022,2026-08-08,C010,S01,P003,1,35.0,0.0
O1022,2026-08-08,C010,S01,P008,1,22.0,0.0
O1023,2026-08-08,C011,S02,P004,2,25.0,5.0
O1024,2026-08-08,C012,S03,P010,1,58.0,0.0
O1024,2026-08-08,C012,S03,P005,2,8.0,0.0
O1025,2026-08-09,C001,S01,P007,1,45.0,0.0
O1025,2026-08-09,C001,S01,P001,2,10.0,0.0
O1026,2026-08-09,C003,S02,P006,2,15.0,2.0
O1026,2026-08-09,C003,S02,P009,1,28.0,0.0
O1027,2026-08-09,C004,S03,P002,1,65.0,0.0
O1028,2026-08-10,C006,S02,P003,1,35.0,3.0
O1028,2026-08-10,C006,S02,P008,1,22.0,0.0
O1029,2026-08-10,C008,S01,P004,2,25.0,0.0
O1030,2026-08-10,C011,S03,P010,1,58.0,5.0
