order_id,date_key,customer_key,store_key,product_key,quantity,unit_price,discount_amount,gross_revenue,net_revenue
O1001,20260801,1,1,1,2,10.0,0.0,20.0,20.0
O1001,20260801,1,1,4,1,25.0,5.0,25.0,20.0
O1002,20260801,2,2,2,1,65.0,0.0,65.0,65.0
O1002,20260801,2,2,5,3,8.0,0.0,24.0,24.0
O1003,20260801,3,2,3,1,35.0,0.0,35.0,35.0
O1004,20260802,4,3,7,2,45.0,10.0,90.0,80.0
O1004,20260802,4,3,8,1,22.0,0.0,22.0,22.0
O1005,20260802,5,1,10,1,58.0,0.0,58.0,58.0
O1005,20260802,5,1,6,2,15.0,3.0,30.0,27.0
O1006,20260802,6,2,1,3,10.0,0.0,30.0,30.0
O1007,20260803,7,3,4,2,25.0,0.0,50.0,50.0
O1007,20260803,7,3,9,1,28.0,4.0,28.0,24.0
O1008,20260803,8,1,2,1,65.0,5.0,65.0,60.0
O1008,20260803,8,1,5,2,8.0,0.0,16.0,16.0
O1009,20260803,9,2,3,2,35.0,5.0,70.0,65.0
O1010,20260804,10,1,7,1,45.0,0.0,45.0,45.0
O1010,20260804,10,1,8,2,22.0,2.0,44.0,42.0
O1011,20260804,11,2,10,2,58.0,8.0,116.0,108.0
O1012,20260804,12,3,1,1,10.0,0.0,10.0,10.0
O1012,20260804,12,3,6,1,15.0,0.0,15.0,15.0
O1013,20260805,1,1,4,1,25.0,0.0,25.0,25.0
O1013,20260805,1,1,5,4,8.0,2.0,32.0,30.0
O1014,20260805,3,2,2,1,65.0,0.0,65.0,65.0
O1014,20260805,3,2,9,2,28.0,6.0,56.0,50.0
O1015,20260805,4,3,3,1,35.0,0.0,35.0,35.0
O1016,20260806,6,2,7,1,45.0,5.0,45.0,40.0
O1016,20260806,6,2,8,1,22.0,0.0,22.0,22.0
O1017,20260806,8,1,10,1,58.0,0.0,58.0,58.0
O1018,20260806,9,3,1,2,10.0,0.0,20.0,20.0
O1018,20260806,9,3,4,1,25.0,0.0,25.0,25.0
O1019,20260807,2,2,5,5,8.0,4.0,40.0,36.0
O1020,20260807,5,1,2,1,65.0,10.0,65.0,55.0
O1020,20260807,5,1,6,1,15.0,0.0,15.0,15.0
O1021,20260807,7,3,9,3,28.0,8.0,84.0,76.0
O1022,20260808,10,1,3,1,35.0,0.0,35.0,35.0
O1022,20260808,10,1,8,1,22.0,0.0,22.0,22.0
O1023,20260808,11,2,4,2,25.0,5.0,50.0,45.0
O1024,20260808,12,3,10,1,58.0,0.0,58.0,58.0
O1024,20260808,12,3,5,2,8.0,0.0,16.0,16.0
O1025,20260809,1,1,7,1,45.0,0.0,45.0,45.0
O1025,20260809,1,1,1,2,10.0,0.0,20.0,20.0
O1026,20260809,3,2,6,2,15.0,2.0,30.0,28.0
O1026,20260809,3,2,9,1,28.0,0.0,28.0,28.0
O1027,20260809,4,3,2,1,65.0,0.0,65.0,65.0
O1028,20260810,6,2,3,1,35.0,3.0,35.0,32.0
O1028,20260810,6,2,8,1,22.0,0.0,22.0,22.0
O1029,20260810,8,1,4,2,25.0,0.0,50.0,50.0
O1030,20260810,11,3,10,1,58.0,5.0,58.0,53.0
